Lebensmittel;Lebensmittelsymbol;Kategorie;Kategoriesymbol;VitaminA_ug_RAE;VitaminB1_mg;VitaminB2_mg;VitaminB6_mg;VitaminB12_ug;VitaminC_mg;VitaminD3_ug;VitaminE_mg;VitaminK_ug;Omega3_g;Omega6_g;Omega9_g;Alanin_g;Arginin_g;Asparaginsaeure_g;Cystein_g;Glutaminsaeure_g;Glycin_g;Histidin_g;Isoleucin_g;Leucin_g;Lysin_g;Methionin_g;Phenylalanin_g;Prolin_g;Serin_g;Threonin_g;Tryptophan_g;Tyrosin_g;Valin_g
Vollkornbrot;Vollkornbrot.svg;Getreide;Getreide.svg;0;0,28;0,12;0,15;0;0;0;0,6;3;0,15;1,0;0,3;0,3;0,4;0,6;0,15;2,8;0,4;0,2;0,35;0,55;0,25;0,13;0,4;0,9;0,45;0,28;0,1;0,25;0,4
Weißbrot;Weissbrot.svg;Getreide;Getreide.svg;0;0,2;0,08;0,05;0;0;0;0,2;1;0,05;0,5;0,15;0,25;0,3;0,4;0,1;2,5;0,3;0,15;0,3;0,5;0,2;0,1;0,35;0,8;0,35;0,22;0,08;0,2;0,3
Brötchen (Weizen);Broetchen_Weizen.svg;Getreide;Getreide.svg;0;0,18;0,07;0,05;0;0;0;0,2;1;0,05;0,5;0,15;0,25;0,3;0,4;0,1;2,4;0,3;0,15;0,3;0,5;0,2;0,1;0,35;0,8;0,35;0,22;0,08;0,2;0,3
Nudeln, gekocht;Nudeln_gekocht.svg;Getreide;Getreide.svg;0;0,05;0,02;0,03;0;0;0;0,1;0,5;0,03;0,3;0,1;0,2;0,25;0,3;0,08;1,8;0,2;0,12;0,24;0,4;0,15;0,08;0,28;0,6;0,28;0,17;0,06;0,16;0,24
Reis, weiß, gekocht;Reis_weiss_gekocht.svg;Getreide;Getreide.svg;0;0,02;0,01;0,04;0;0;0;0,03;0,1;0,01;0,05;0,05;0,15;0,2;0,25;0,05;0,5;0,1;0,08;0,12;0,2;0,06;0,06;0,13;0,15;0,13;0,1;0,03;0,09;0,15
Reis, Vollkorn, gekocht;Reis_Vollkorn_gekocht.svg;Getreide;Getreide.svg;0;0,1;0,02;0,15;0;0;0;0,2;0,2;0,02;0,1;0,08;0,18;0,22;0,28;0,06;0,6;0,12;0,09;0,14;0,22;0,07;0,07;0,15;0,18;0,15;0,11;0,04;0,1;0,17
Kartoffeln, gekocht;Kartoffeln_gekocht.svg;Gemüse;Gemuese.svg;0;0,1;0,02;0,25;0;13;0;0,01;1,9;0,01;0,03;0;0,06;0,1;0,4;0,02;0,3;0,08;0,03;0,09;0,11;0,04;0,03;0,09;0,06;0,08;0,07;0,02;0,05;0,09
Haferflocken;Haferflocken.svg;Getreide;Getreide.svg;0;0,5;0,11;0,1;0;0;0;0,4;0;0,11;2,4;1,2;0,7;0,9;1,1;0,3;3,2;0,6;0,3;0,6;0,9;0,25;0,25;0,7;0,7;0,6;0,4;0,2;0,4;0,7
Müsli (ungezuckert);Muesli_ungezuckert.svg;Getreide;Getreide.svg;1;0,4;0,13;0,12;0;2;0;1,5;2;0,2;3,0;1,5;0,6;0,8;1,0;0,25;2,8;0,5;0,28;0,5;0,8;0,24;0,22;0,6;0,6;0,5;0,38;0,18;0,35;0,6
Cornflakes;Cornflakes.svg;Getreide;Getreide.svg;300;0,8;0,9;0,9;2;30;0;3;0,1;0,02;0,5;0,2;0,2;0,3;0,4;0,08;1,4;0,2;0,15;0,25;0,4;0,1;0,1;0,3;0,3;0,3;0,2;0,06;0,2;0,3
Milch, 3,5%;Milch.svg;Milchprodukte;Milchprodukte.svg;28;0,04;0,18;0,04;0,4;1;0,03;0,1;0,3;0,01;0,1;0,9;0,11;0,12;0,26;0,03;0,7;0,06;0,09;0,18;0,28;0,09;0,16;0,18;0,31;0,18;0,16;0,05;0,17;0,24
Magermilch;Magermilch.svg;Milchprodukte;Milchprodukte.svg;1;0,04;0,18;0,04;0,4;1;0;0;0,3;0,001;0,01;0,02;0,11;0,12;0,26;0,03;0,7;0,06;0,09;0,18;0,28;0,09;0,16;0,18;0,31;0,18;0,16;0,05;0,17;0,24
Joghurt, natur (3,5%);Joghurt_natur.svg;Milchprodukte;Milchprodukte.svg;27;0,04;0,18;0,05;0,4;1;0,03;0,08;0,2;0,01;0,1;0,8;0,12;0,13;0,28;0,03;0,75;0,06;0,1;0,19;0,3;0,1;0,17;0,19;0,33;0,19;0,17;0,05;0,18;0,26
Magerquark;Magerquark.svg;Milchprodukte;Milchprodukte.svg;2;0,03;0,2;0,05;0,7;0;0;0,03;0,2;0,005;0,02;0,03;0,35;0,4;0,85;0,09;2,2;0,19;0,29;0,55;0,9;0,31;0,5;0,58;1,0;0,58;0,5;0,15;0,5;0,7
Käse, Gouda;Kaese_Gouda.svg;Milchprodukte;Milchprodukte.svg;210;0,03;0,35;0,06;1,7;0;0,6;0,5;2,5;0,1;0,5;7,0;0,7;0,8;1,7;0,18;4,4;0,4;0,6;1,1;1,9;0,6;1,0;1,3;2,4;1,3;0,9;0,3;1,1;1,5
Käse, Emmentaler;Kaese_Emmentaler.svg;Milchprodukte;Milchprodukte.svg;230;0,03;0,35;0,08;3,0;0;0,9;0,6;2,5;0,15;0,6;7,5;0,75;0,85;1,8;0,19;4,8;0,42;0,65;1,15;2,0;0,65;1,1;1,4;2,5;1,4;0,95;0,32;1,15;1,6
Butter;Butter.svg;Fette;Fette.svg;650;0;0,02;0;0,1;0;0,9;2,0;7,0;0,3;2,0;20;0,02;0,02;0,05;0,01;0,15;0,02;0,02;0,03;0,06;0,03;0,02;0,03;0,05;0,03;0,03;0,01;0,03;0,04
Margarine;Margarine.svg;Fette;Fette.svg;800;0;0;0;0;0;7,5;10;60;1,0;15;25;0;0;0;0;0;0;0;0;0;0;0;0;0;0;0;0;0;0
Ei, Huhn (Vollei);Ei_Huhn_Vollei.svg;Eier;Eier.svg;160;0,09;0,45;0,12;1,1;0;1,8;1,0;0,3;0,05;1,2;3,7;0,7;0,8;1,3;0,29;1,6;0,4;0,3;0,68;1,0;0,4;0,38;0,68;0,5;0,87;0,56;0,17;0,51;0,86
Rindfleisch, mager;Rindfleisch_mager.svg;Fleisch;Fleisch.svg;0;0,09;0,2;0,4;2,6;0;0,1;0,3;1,5;0,03;0,15;0,9;1,2;1,3;1,9;0,24;3,3;1,0;0,9;1,05;1,7;0,55;0,55;0,85;0,85;0,8;0,9;0,22;0,75;1,05
Schweinefleisch, mager;Schweinefleisch_mager.svg;Fleisch;Fleisch.svg;5;0,9;0,25;0,5;0,7;0;1,1;0,3;0;0,03;1,3;3,0;1,15;1,25;1,85;0,22;3,2;0,98;0,85;1,0;1,6;0,55;0,53;0,82;0,82;0,78;0,85;0,22;0,72;1,0
Hähnchenbrust;Haehnchenbrust.svg;Fleisch;Fleisch.svg;5;0,07;0,1;0,6;0,3;0;0,1;0,3;0;0,02;1,0;3,2;1,3;1,4;2,0;0,26;3,5;1,1;1,05;1,15;1,7;0,65;0,65;0,9;0,9;0,85;0,9;0,25;0,75;1,1
Pute;Pute.svg;Fleisch;Fleisch.svg;0;0,06;0,15;0,6;0,4;0;0,1;0,2;0;0,02;0,9;3,0;1,3;1,4;2,0;0,27;3,4;1,05;1,05;1,15;1,7;0,65;0,65;0,9;0,9;0,85;0,9;0,25;0,75;1,1
Lachs;Lachs.svg;Fisch;Fisch.svg;50;0,2;0,15;0,6;3,2;0;11;1,1;0,1;2,3;0,5;3,5;1,2;1,15;1,9;0,22;2,9;1,0;0,55;0,9;1,6;1,9;0,6;0,8;0,7;0,85;0,9;0,22;0,65;1,05
Thunfisch;Thunfisch.svg;Fisch;Fisch.svg;20;0,3;0,1;0,9;2,2;0;5,7;1,0;0,1;1,5;0,1;0,6;1,5;1,4;2,4;0,28;3,6;1,1;1,15;1,2;2,0;2,6;0,75;1,0;0,85;1,0;1,1;0,28;0,8;1,3
Hering;Hering.svg;Fisch;Fisch.svg;30;0,1;0,2;0,4;13;0;25;1,2;0,1;1,8;0,2;1,2;1,1;1,05;1,75;0,2;2,6;0,9;0,5;0,8;1,4;1,7;0,55;0,7;0,6;0,75;0,8;0,2;0,6;0,9
Garnelen;Garnelen.svg;Fisch;Fisch.svg;30;0,02;0,03;0,1;1,3;2;0,1;1,3;0;0,5;0,1;0,3;1,0;1,4;1,7;0,19;2,6;0,9;0,4;0,85;1,4;1,6;0,5;0,75;0,65;0,7;0,75;0,19;0,6;0,85
Leberwurst;Leberwurst.svg;Fleisch;Fleisch.svg;3000;0,2;1,5;0,3;10;3;1,0;0,5;20;0,15;2,0;7,0;0,85;0,9;1,4;0,2;2,4;0,7;0,5;0,75;1,2;0,55;0,4;0,6;0,65;0,6;0,6;0,16;0,55;0,75
Salami;Salami.svg;Fleisch;Fleisch.svg;0;0,4;0,15;0,3;1,5;0;0,5;0,5;2;0,05;1,8;9,0;1,0;1,05;1,6;0,2;2,7;0,8;0,55;0,85;1,4;0,6;0,45;0,65;0,75;0,65;0,65;0,18;0,6;0,85
Schinken, gekocht;Schinken_gekocht.svg;Fleisch;Fleisch.svg;0;0,7;0,2;0,4;0,7;0;0,5;0,3;0;0,03;1,2;4,0;1,15;1,2;1,85;0,22;3,1;0,95;0,85;1,0;1,6;0,55;0,5;0,8;0,8;0,75;0,85;0,22;0,7;1,0
Tofu;Tofu.svg;Pflanzlich;Pflanzlich.svg;0;0,08;0,05;0,06;0;0;0;0,5;2,4;0,6;5,0;1,6;0,4;0,8;1,15;0,14;1,7;0,4;0,25;0,4;0,62;0,51;0,11;0,42;0,42;0,42;0,32;0,11;0,31;0,42
Linsen, gekocht;Linsen_gekocht.svg;Hülsenfrüchte;Huelsenfruechte.svg;1;0,15;0,06;0,09;0;1,5;0;0,1;1,7;0,03;0,2;0,06;0,4;0,7;1,05;0,09;1,4;0,35;0,25;0,4;0,65;0,63;0,07;0,4;0,35;0,4;0,32;0,08;0,24;0,42
Kichererbsen, gekocht;Kichererbsen_gekocht.svg;Hülsenfrüchte;Huelsenfruechte.svg;1;0,1;0,05;0,14;0;1,3;0;0,4;4;0,05;1,9;1,9;0,35;0,65;0,9;0,1;1,2;0,3;0,22;0,32;0,55;0,5;0,08;0,35;0,3;0,35;0,28;0,07;0,2;0,38
Kidneybohnen, gekocht;Kidneybohnen_gekocht.svg;Hülsenfrüchte;Huelsenfruechte.svg;0;0,16;0,06;0,11;0;1;0;0,03;3;0,06;0,2;0,02;0,4;0,5;1,0;0,1;1,4;0,35;0,24;0,4;0,65;0,6;0,09;0,4;0,32;0,4;0,3;0,08;0,22;0,4
Erbsen, gekocht;Erbsen_gekocht.svg;Gemüse;Gemuese.svg;35;0,15;0,07;0,07;0;15;0;0,1;20;0,03;0,15;0,02;0,25;0,4;0,6;0,06;0,9;0,2;0,14;0,24;0,36;0,35;0,05;0,24;0,2;0,24;0,19;0,05;0,14;0,26
Sojabohnen, gekocht;Sojabohnen_gekocht.svg;Hülsenfrüchte;Huelsenfruechte.svg;0;0,15;0,1;0,07;0;1,7;0;0,4;20;0,6;5,0;2,0;0,7;1,1;1,8;0,2;2,8;0,65;0,4;0,7;1,1;0,9;0,19;0,68;0,7;0,7;0,55;0,19;0,5;0,68
Erdnüsse;Erdnuesse.svg;Nüsse;Nuesse.svg;0;0,6;0,13;0,35;0;0;0;8,3;0;0,003;15,5;20;1,1;3,1;3,2;0,32;5,4;1,6;1,0;0,9;1,6;1,6;0,3;1,3;1,1;1,3;0,9;0,25;1,1;1,1
Mandeln;Mandeln.svg;Nüsse;Nuesse.svg;0;0,2;0,8;0,14;0;0;0;25;0;0,003;12;32;0,9;2,5;2,5;0,17;4,9;1,3;0,6;0,9;1,5;0,5;0,19;1,2;1,0;1,0;0,7;0,2;0,6;1,0
Walnüsse;Walnuesse.svg;Nüsse;Nuesse.svg;1;0,34;0,15;0,54;0;1,3;0;0,7;2,7;9,1;38;8,9;0,7;2,3;1,9;0,32;3,3;0,9;0,4;0,7;1,2;0,42;0,24;0,75;0,7;0,75;0,6;0,15;0,5;0,85
Haselnüsse;Haselnuesse.svg;Nüsse;Nuesse.svg;1;0,64;0,11;0,56;0;6,3;0;15;0;0,09;7,8;45;0,7;2,2;1,7;0,15;3,1;0,9;0,4;0,6;1,0;0,35;0,2;0,62;0,6;0,6;0,5;0,14;0,42;0,72
Cashewkerne;Cashewkerne.svg;Nüsse;Nuesse.svg;0;0,4;0,06;0,4;0;0,5;0;0,9;34;0,06;7,8;10;0,8;2,1;1,9;0,31;3,9;0,9;0,5;0,75;1,4;0,42;0,31;1,0;0,85;0,9;0,65;0,29;0,6;1,15
Sonnenblumenkerne;Sonnenblumenkerne.svg;Samen;Samen.svg;0;1,5;0,25;1,3;0;1,4;0;35;0;0,07;23;7,2;1,2;2,4;2,7;0,35;4,9;1,3;0,9;1,2;1,6;0,7;0,9;1,2;1,1;1,1;0,9;0,34;0,65;1,4
Kürbiskerne;Kuerbiskerne.svg;Samen;Samen.svg;1;0,27;0,15;0,14;0;1,9;0;0,6;7;0,09;20;6,9;1,5;4,0;2,9;0,4;5,9;1,5;0,85;1,4;1,9;1,0;0,55;1,7;1,3;1,3;1,0;0,4;1,0;1,6
Leinsamen;Leinsamen.svg;Samen;Samen.svg;0;0,5;0,16;0,47;0;0,6;0;0,3;0;22;5,9;7,5;0,9;1,9;2,0;0,29;3,7;1,0;0,4;0,8;1,2;0,7;0,35;0,9;0,85;0,9;0,7;0,28;0,6;1,0
Chiasamen;Chiasamen.svg;Samen;Samen.svg;1;0,6;0,17;0;0;1,6;0;0,5;0;17,8;5,8;2,0;0,9;1,6;2,0;0,3;3,5;1,0;0,6;0,9;1,3;0,65;0,4;1,05;0,9;0,85;0,7;0,3;0,5;1,1
Olivenöl;Olivenoel.svg;Öle;Oele.svg;0;0;0;0;0;0;0;14;60;0,7;9,7;73;0;0;0;0;0;0;0;0;0;0;0;0;0;0;0;0;0;0
Rapsöl;Rapsoel.svg;Öle;Oele.svg;0;0;0;0;0;0;0;17;71;9,1;20;63;0;0;0;0;0;0;0;0;0;0;0;0;0;0;0;0;0;0
Sonnenblumenöl;Sonnenblumenoel.svg;Öle;Oele.svg;0;0;0;0;0;0;0;49;5;0,2;63;23;0;0;0;0;0;0;0;0;0;0;0;0;0;0;0;0;0;0
Leinöl;Leinoel.svg;Öle;Oele.svg;0;0;0;0;0;0;0;1;0;53;14;19;0;0;0;0;0;0;0;0;0;0;0;0;0;0;0;0;0;0
Apfel;Apfel.svg;Obst;Obst.svg;3;0,02;0,02;0,04;0;4,6;0;0,2;2,2;0,01;0,04;0,01;0,02;0,02;0,13;0,002;0,03;0,02;0,006;0,02;0,02;0,02;0,001;0,007;0,01;0,01;0,01;0,001;0,003;0,01
Banane;Banane.svg;Obst;Obst.svg;3;0,05;0,05;0,4;0;9;0;0,1;0,5;0,02;0,05;0,03;0,04;0,05;0,1;0,008;0,09;0,04;0,02;0,03;0,06;0,04;0,007;0,04;0,04;0,04;0,03;0,01;0,02;0,05
Orange;Orange.svg;Obst;Obst.svg;11;0,09;0,04;0,06;0;53;0;0,2;0;0,006;0,02;0,02;0,04;0,06;0,1;0,006;0,1;0,03;0,02;0,03;0,04;0,04;0,006;0,02;0,03;0,04;0,03;0,006;0,01;0,03
Erdbeeren;Erdbeeren.svg;Obst;Obst.svg;1;0,02;0,02;0,05;0;59;0;0,3;2,2;0,06;0,09;0,02;0,03;0,02;0,1;0,003;0,1;0,03;0,01;0,02;0,03;0,03;0,005;0,02;0,02;0,02;0,02;0,006;0,01;0,02
Heidelbeeren;Heidelbeeren.svg;Obst;Obst.svg;3;0,04;0,04;0,05;0;10;0;0,6;19,3;0,06;0,09;0,01;0,02;0,02;0,05;0,002;0,05;0,02;0,006;0,02;0,02;0,02;0,002;0,01;0,02;0,02;0,02;0,001;0,01;0,02
Trauben;Trauben.svg;Obst;Obst.svg;3;0,07;0,07;0,09;0;4;0;0,2;14,6;0,01;0,08;0,007;0,03;0,04;0,05;0,003;0,1;0,02;0,01;0,03;0,03;0,03;0,003;0,02;0,03;0,02;0,02;0,001;0,01;0,03
Birne;Birne.svg;Obst;Obst.svg;1;0,01;0,03;0,03;0;4;0;0,1;4,5;0,01;0,06;0,01;0,02;0,02;0,06;0,002;0,05;0,02;0,005;0,02;0,02;0,02;0,001;0,01;0,02;0,02;0,01;0,001;0,01;0,02
Kiwi;Kiwi.svg;Obst;Obst.svg;4;0,02;0,06;0,06;0;93;0;1,5;40,3;0,03;0,09;0,02;0,05;0,05;0,13;0,008;0,13;0,05;0,02;0,03;0,06;0,05;0,008;0,03;0,04;0,04;0,03;0,01;0,02;0,05
Ananas;Ananas.svg;Obst;Obst.svg;2;0,08;0,03;0,11;0;48;0;0,02;0,7;0,02;0,03;0,005;0,02;0,03;0,1;0,003;0,06;0,03;0,008;0,02;0,03;0,02;0,005;0,02;0,02;0,02;0,02;0,004;0,01;0,03
Zitrone;Zitrone.svg;Obst;Obst.svg;1;0,04;0,02;0,08;0;53;0;0,2;0;0,01;0,04;0,01;0,02;0,03;0,08;0,004;0,06;0,02;0,008;0,02;0,03;0,03;0,004;0,02;0,03;0,02;0,02;0,003;0,02;0,03
Tomate;Tomate.svg;Gemüse;Gemuese.svg;42;0,04;0,02;0,08;0;14;0;0,5;7,9;0,002;0,06;0,02;0,03;0,03;0,13;0,005;0,35;0,02;0,02;0,02;0,03;0,03;0,006;0,02;0,02;0,02;0,02;0,005;0,02;0,02
Gurke;Gurke.svg;Gemüse;Gemuese.svg;4;0,03;0,02;0,04;0;3;0;0,03;16,4;0,005;0,02;0,005;0,02;0,02;0,06;0,002;0,04;0,02;0,006;0,01;0,02;0,02;0,003;0,01;0,01;0,01;0,01;0,002;0,01;0,02
Karotte;Karotte.svg;Gemüse;Gemuese.svg;835;0,07;0,06;0,14;0;6;0;0,7;13,2;0,005;0,09;0,005;0,05;0,04;0,15;0,007;0,16;0,05;0,02;0,03;0,04;0,04;0,007;0,03;0,05;0,04;0,03;0,005;0,02;0,05
Paprika, rot;Paprika_rot.svg;Gemüse;Gemuese.svg;157;0,05;0,09;0,29;0;128;0;1,6;4,9;0,02;0,09;0,01;0,05;0,06;0,15;0,008;0,15;0,05;0,02;0,05;0,06;0,06;0,01;0,04;0,05;0,05;0,04;0,01;0,02;0,06
Brokkoli;Brokkoli.svg;Gemüse;Gemuese.svg;31;0,07;0,12;0,18;0;89;0;0,8;102;0,02;0,02;0,003;0,15;0,17;0,28;0,03;0,4;0,13;0,08;0,12;0,16;0,16;0,04;0,11;0,13;0,11;0,12;0,03;0,08;0,16
Blumenkohl;Blumenkohl.svg;Gemüse;Gemuese.svg;0;0,05;0,06;0,18;0;48;0;0,1;15,5;0,02;0,03;0,003;0,1;0,13;0,23;0,02;0,3;0,1;0,06;0,1;0,13;0,13;0,02;0,09;0,1;0,09;0,09;0,02;0,06;0,13
Spinat;Spinat.svg;Gemüse;Gemuese.svg;469;0,08;0,19;0,2;0;28;0;2,0;483;0,14;0,03;0,003;0,16;0,16;0,32;0,03;0,36;0,16;0,06;0,15;0,2;0,17;0,05;0,13;0,13;0,13;0,12;0,03;0,1;0,17
Grünkohl;Gruenkohl.svg;Gemüse;Gemuese.svg;681;0,1;0,13;0,27;0;105;0;1,5;705;0,2;0,1;0,02;0,2;0,2;0,35;0,03;0,4;0,18;0,08;0,15;0,24;0,2;0,06;0,15;0,15;0,15;0,13;0,04;0,1;0,2
Zwiebel;Zwiebel.svg;Gemüse;Gemuese.svg;0;0,05;0,03;0,12;0;7;0;0,02;0,4;0,001;0,02;0,006;0,03;0,05;0,14;0,008;0,09;0,03;0,02;0,03;0,03;0,04;0,007;0,02;0,03;0,02;0,02;0,007;0,01;0,03
Knoblauch;Knoblauch.svg;Gemüse;Gemuese.svg;0;0,2;0,11;1,24;0;31;0;0,01;1,7;0,02;0,02;0,002;0,1;0,6;0,5;0,07;0,8;0,1;0,11;0,2;0,3;0,27;0,08;0,18;0,1;0,1;0,16;0,02;0,08;0,29
Champignons;Champignons.svg;Gemüse;Gemuese.svg;0;0,08;0,4;0,1;0,04;2;0,2;0,01;0;0,005;0,15;0,02;0,13;0,09;0,2;0,02;0,3;0,06;0,06;0,1;0,15;0,05;0,02;0,09;0,1;0,1;0,09;0,03;0,06;0,14
Zucchini;Zucchini.svg;Gemüse;Gemuese.svg;10;0,05;0,09;0,16;0;18;0;0,1;4,3;0,01;0,02;0,003;0,05;0,06;0,14;0,007;0,15;0,05;0,02;0,04;0,06;0,06;0,01;0,04;0,05;0,05;0,04;0,008;0,03;0,05
Aubergine;Aubergine.svg;Gemüse;Gemuese.svg;1;0,04;0,04;0,08;0;2;0;0,3;3,5;0,01;0,04;0,003;0,05;0,07;0,15;0,01;0,19;0,05;0,02;0,04;0,06;0,06;0,01;0,04;0,05;0,05;0,04;0,01;0,02;0,06
Rote Bete;Rote_Bete.svg;Gemüse;Gemuese.svg;2;0,03;0,04;0,07;0;4,9;0;0,04;0,2;0,005;0,05;0,005;0,07;0,06;0,2;0,01;0,24;0,13;0,02;0,06;0,07;0,06;0,01;0,05;0,07;0,07;0,05;0,01;0,03;0,08
Sellerie;Sellerie.svg;Gemüse;Gemuese.svg;22;0,02;0,06;0,07;0;3;0;0,3;29,3;0,002;0,08;0,005;0,04;0,05;0,1;0,005;0,12;0,04;0,02;0,03;0,04;0,04;0,006;0,02;0,03;0,03;0,03;0,006;0,02;0,04
Lauch (Porree);Lauch_Porree.svg;Gemüse;Gemuese.svg;83;0,06;0,03;0,23;0;12;0;0,9;47;0,01;0,07;0,005;0,06;0,1;0,2;0,02;0,2;0,06;0,03;0,05;0,09;0,06;0,02;0,05;0,06;0,06;0,05;0,02;0,03;0,06
Rosenkohl;Rosenkohl.svg;Gemüse;Gemuese.svg;38;0,14;0,09;0,22;0;85;0;0,9;177;0,17;0,03;0,004;0,16;0,2;0,4;0,03;0,5;0,15;0,09;0,16;0,22;0,2;0,05;0,14;0,15;0,15;0,15;0,04;0,1;0,2
Spargel;Spargel.svg;Gemüse;Gemuese.svg;38;0,14;0,14;0,09;0;5,6;0;1,1;41,6;0,06;0,08;0,008;0,14;0,14;0,42;0,02;0,4;0,15;0,05;0,1;0,16;0,13;0,02;0,1;0,09;0,1;0,09;0,02;0,06;0,14
Süßkartoffel;Suesskartoffel.svg;Gemüse;Gemuese.svg;709;0,08;0,06;0,21;0;2,4;0;0,3;1,8;0,002;0,02;0,001;0,06;0,05;0,2;0,02;0,15;0,05;0,03;0,05;0,07;0,06;0,02;0,06;0,06;0,06;0,06;0,02;0,04;0,07
Avocado;Avocado.svg;Obst;Obst.svg;7;0,07;0,13;0,26;0;10;0;2,1;21;0,11;1,7;10;0,09;0,12;0,2;0,02;0,3;0,09;0,04;0,08;0,12;0,13;0,03;0,08;0,1;0,08;0,06;0,02;0,05;0,1
Mais (Dosenmais);Mais_Dosenmais.svg;Gemüse;Gemuese.svg;8;0,15;0,1;0,16;0;5;0;0,1;0,2;0,02;0,6;0,9;0,6;0,3;0,5;0,05;1,4;0,3;0,2;0,28;0,9;0,15;0,15;0,34;0,65;0,4;0,28;0,05;0,28;0,35
Honig;Honig.svg;Süßungsmittel;Suessungsmittel.svg;0;0;0,04;0;0;0,5;0;0;0;0;0;0;0,01;0,005;0,01;0,001;0,02;0,01;0,001;0,002;0,003;0,005;0,001;0,002;0,003;0,003;0,003;0,001;0,002;0,003
Zucker, weiß;Zucker_weiss.svg;Süßungsmittel;Suessungsmittel.svg;0;0;0;0;0;0;0;0;0;0;0;0;0;0;0;0;0;0;0;0;0;0;0;0;0;0;0;0;0;0
Marmelade;Marmelade.svg;Süßungsmittel;Suessungsmittel.svg;1;0;0,01;0,01;0;5;0;0;0;0,001;0,005;0,001;0,005;0,005;0,01;0,001;0,02;0,005;0,001;0,002;0,003;0,003;0,001;0,002;0,003;0,003;0,003;0,001;0,002;0,003
Schokolade, Vollmilch;Schokolade_Vollmilch.svg;Süßwaren;Suesswaren.svg;50;0,07;0,24;0,03;0,4;0;0;0,6;4;0,05;0,6;7,5;0,4;0,4;0,8;0,1;1,6;0,25;0,2;0,4;0,6;0,4;0,14;0,4;0,4;0,4;0,35;0,1;0,4;0,5
Dunkle Schokolade, 70%;Dunkle_Schokolade_70.svg;Süßwaren;Suesswaren.svg;7;0,06;0,1;0,03;0,2;0;0;0,6;7,3;0,03;0,4;10,5;0,3;0,3;0,5;0,06;1,0;0,16;0,13;0,24;0,4;0,27;0,09;0,26;0,26;0,26;0,22;0,06;0,26;0,34
Kaffee, schwarz;Kaffee_schwarz.svg;Getränke;Getraenke.svg;0;0;0,2;0;0;0;0;0;0;0;0;0;0;0;0;0;0;0;0;0;0;0;0;0;0;0;0;0;0;0
Schwarztee;Schwarztee.svg;Getränke;Getraenke.svg;0;0;0,03;0;0;0;0;0;0;0;0;0;0;0;0;0;0;0;0;0;0;0;0;0;0;0;0;0;0;0
Apfelsaft;Apfelsaft.svg;Getränke;Getraenke.svg;0;0,01;0,01;0,02;0;1;0;0,01;0;0,002;0,02;0,005;0,01;0,01;0,05;0,001;0,02;0,01;0,003;0,008;0,01;0,01;0,001;0,005;0,008;0,008;0,006;0,001;0,003;0,008
Orangensaft;Orangensaft.svg;Getränke;Getraenke.svg;5;0,06;0,02;0,04;0;37;0;0,1;0;0,004;0,01;0,008;0,02;0,03;0,05;0,002;0,05;0,02;0,008;0,01;0,02;0,02;0,003;0,008;0,014;0,02;0,014;0,002;0,006;0,014
Bier;Bier.svg;Getränke;Getraenke.svg;0;0,01;0,03;0,05;0;0;0;0;0;0;0,02;0;0,02;0,03;0,05;0,005;0,1;0,03;0,02;0,03;0,05;0,02;0,01;0,03;0,03;0,03;0,03;0,007;0,02;0,04
Rotwein;Rotwein.svg;Getränke;Getraenke.svg;0;0,01;0,02;0,03;0;0;0;0;0;0;0,01;0;0,005;0,006;0,01;0,001;0,02;0,006;0,003;0,006;0,01;0,005;0,002;0,006;0,006;0,006;0,005;0,001;0,004;0,007
Dinkelmehl;Dinkelmehl.svg;Getreide;Getreide.svg;0;0,4;0,15;0,2;0;0;0;0,9;2;0,1;1,2;0,3;0,4;0,5;0,8;0,2;3,5;0,5;0,25;0,4;0,7;0,25;0,17;0,5;1,0;0,5;0,3;0,13;0,3;0,45
Weizenmehl (Type 405);Weizenmehl_Type405.svg;Getreide;Getreide.svg;0;0,12;0,06;0,06;0;0;0;0,3;0;0,02;0,5;0,15;0,3;0,4;0,4;0,15;3,2;0,3;0,2;0,35;0,6;0,2;0,13;0,45;0,9;0,4;0,26;0,1;0,28;0,4
Roggenbrot;Roggenbrot.svg;Getreide;Getreide.svg;0;0,15;0,08;0,15;0;0;0;0,5;4;0,1;0,6;0,15;0,25;0,35;0,5;0,13;2,0;0,35;0,18;0,3;0,5;0,25;0,13;0,35;0,7;0,35;0,25;0,09;0,22;0,35
Pumpernickel;Pumpernickel.svg;Getreide;Getreide.svg;0;0,15;0,1;0,14;0;0;0;0,4;5;0,1;0,6;0,2;0,25;0,35;0,5;0,13;2,1;0,35;0,18;0,3;0,5;0,25;0,13;0,35;0,7;0,35;0,25;0,09;0,22;0,35
Frischkäse;Frischkaese.svg;Milchprodukte;Milchprodukte.svg;180;0,02;0,15;0,03;0,3;0;0,2;0,5;1,5;0,06;0,2;2,5;0,25;0,25;0,5;0,06;1,4;0,13;0,19;0,35;0,55;0,2;0,3;0,34;0,6;0,35;0,28;0,09;0,3;0,4
Sahne, Schlagsahne;Sahne_Schlagsahne.svg;Milchprodukte;Milchprodukte.svg;330;0,02;0,1;0,03;0,2;1;0,1;1,0;3;0,1;0,6;6,5;0,06;0,07;0,15;0,02;0,4;0,03;0,05;0,1;0,16;0,05;0,09;0,1;0,18;0,1;0,09;0,03;0,1;0,14
Buttermilch;Buttermilch.svg;Milchprodukte;Milchprodukte.svg;5;0,04;0,16;0,03;0,3;1;0;0,03;0,2;0,005;0,03;0,02;0,1;0,11;0,24;0,03;0,65;0,06;0,08;0,16;0,26;0,08;0,14;0,16;0,28;0,16;0,14;0,04;0,15;0,22
Kefir;Kefir.svg;Milchprodukte;Milchprodukte.svg;8;0,03;0,15;0,03;0,3;1;0;0,03;0,2;0,005;0,03;0,02;0,1;0,11;0,24;0,03;0,65;0,06;0,08;0,16;0,26;0,08;0,14;0,16;0,28;0,16;0,14;0,04;0,15;0,22
Feta;Feta.svg;Milchprodukte;Milchprodukte.svg;200;0,03;0,24;0,14;1,7;0;0,4;0,5;1,9;0,1;0,6;4,2;0,5;0,4;0,9;0,1;2,4;0,3;0,35;0,6;1,0;0,4;0,5;0,7;1,3;0,7;0,5;0,16;0,6;0,85
